{
  "_format": "hh-sol-cache-2",
  "files": {
    "/home/gitpod/zardkat/contracts/MultiplierVerifier.sol": {
      "lastModificationDate": 1690659661541,
      "contentHash": "c8f07df36656ffcf3054897140a7285b",
      "sourceName": "contracts/MultiplierVerifier.sol",
      "solcConfig": {
        "version": "0.6.11",
        "settings": {
          "optimizer": {
            "enabled": false,
            "runs": 200
          },
          "outputSelection": {
            "*": {
              "*": [
                "abi",
                "evm.bytecode",
                "evm.deployedBytecode",
                "evm.methodIdentifiers",
                "metadata"
              ],
              "": [
                "ast"
              ]
            }
          }
        }
      },
      "imports": [],
      "versionPragmas": [
        "^0.6.11"
      ],
      "artifacts": [
        "Pairing",
        "Verifier"
      ]
    }
  }
}
